emoji,freq_odio,freq_nao_odio,freq_total,freq_odio_norm,freq_nao_odio_norm
🚩,0,1,1,0.0,0.00028571428571428574
🙊,2,1,3,0.0005714285714285715,0.00028571428571428574
👐,0,2,2,0.0,0.0005714285714285715
👋,0,6,6,0.0,0.0017142857142857142
✈,0,1,1,0.0,0.00028571428571428574
🤲,0,2,2,0.0,0.0005714285714285715
👮,0,1,1,0.0,0.00028571428571428574
🍭,0,1,1,0.0,0.00028571428571428574
🤗,3,6,9,0.0008571428571428571,0.0017142857142857142
🌼,0,1,1,0.0,0.00028571428571428574
😢,20,26,46,0.005714285714285714,0.0074285714285714285
😒,12,3,15,0.0034285714285714284,0.0008571428571428571
🏴,1,0,1,0.00028571428571428574,0.0
👕,0,1,1,0.0,0.00028571428571428574
🤮,83,6,89,0.023714285714285716,0.0017142857142857142
⚖,0,1,1,0.0,0.00028571428571428574
🦑,1,1,2,0.00028571428571428574,0.00028571428571428574
🤘,1,2,3,0.00028571428571428574,0.0005714285714285715
🏫,0,1,1,0.0,0.00028571428571428574
🤝,1,6,7,0.00028571428571428574,0.0017142857142857142
🌏,0,1,1,0.0,0.00028571428571428574
🐈,0,1,1,0.0,0.00028571428571428574
🔥,8,16,24,0.002285714285714286,0.004571428571428572
🐭,2,0,2,0.0005714285714285715,0.0
🌷,1,6,7,0.00028571428571428574,0.0017142857142857142
🔰,1,2,3,0.00028571428571428574,0.0005714285714285715
🐺,0,1,1,0.0,0.00028571428571428574
💨,1,0,1,0.00028571428571428574,0.0
🏿,1,4,5,0.00028571428571428574,0.001142857142857143
🍊,8,0,8,0.002285714285714286,0.0
🔝,1,4,5,0.00028571428571428574,0.001142857142857143
🐷,3,1,4,0.0008571428571428571,0.00028571428571428574
😱,11,4,15,0.003142857142857143,0.001142857142857143
🌶,2,0,2,0.0005714285714285715,0.0
🌟,0,5,5,0.0,0.0014285714285714286
😟,1,1,2,0.00028571428571428574,0.00028571428571428574
👊,14,16,30,0.004,0.004571428571428572
🧐,3,1,4,0.0008571428571428571,0.00028571428571428574
👿,5,0,5,0.0014285714285714286,0.0
👦,0,1,1,0.0,0.00028571428571428574
🚮,1,0,1,0.00028571428571428574,0.0
💚,5,52,57,0.0014285714285714286,0.014857142857142857
☕,1,1,2,0.00028571428571428574,0.00028571428571428574
🏆,0,3,3,0.0,0.0008571428571428571
🤣,35,10,45,0.01,0.002857142857142857
💐,0,2,2,0.0,0.0005714285714285715
❗,1,1,2,0.00028571428571428574,0.00028571428571428574
🌴,1,0,1,0.00028571428571428574,0.0
🐴,3,1,4,0.0008571428571428571,0.00028571428571428574
🧑,0,1,1,0.0,0.00028571428571428574
🎂,0,1,1,0.0,0.00028571428571428574
😃,1,0,1,0.00028571428571428574,0.0
😤,7,1,8,0.002,0.00028571428571428574
🏻,21,52,73,0.006,0.014857142857142857
✨,1,5,6,0.00028571428571428574,0.0014285714285714286
🍍,1,0,1,0.00028571428571428574,0.0
👀,1,1,2,0.00028571428571428574,0.00028571428571428574
😈,11,0,11,0.003142857142857143,0.0
😕,3,1,4,0.0008571428571428571,0.00028571428571428574
😨,1,2,3,0.00028571428571428574,0.0005714285714285715
🙂,0,2,2,0.0,0.0005714285714285715
🐒,0,1,1,0.0,0.00028571428571428574
💔,0,1,1,0.0,0.00028571428571428574
❤,11,255,266,0.003142857142857143,0.07285714285714286
⛽,0,1,1,0.0,0.00028571428571428574
🤷,4,3,7,0.001142857142857143,0.0008571428571428571
🥵,1,0,1,0.00028571428571428574,0.0
👪,0,1,1,0.0,0.00028571428571428574
😜,0,1,1,0.0,0.00028571428571428574
💰,1,2,3,0.00028571428571428574,0.0005714285714285715
😥,2,2,4,0.0005714285714285715,0.0005714285714285715
💟,1,4,5,0.00028571428571428574,0.001142857142857143
😆,2,3,5,0.0005714285714285715,0.0008571428571428571
😧,0,1,1,0.0,0.00028571428571428574
💝,0,2,2,0.0,0.0005714285714285715
😻,0,1,1,0.0,0.00028571428571428574
🦜,1,0,1,0.00028571428571428574,0.0
😉,1,4,5,0.00028571428571428574,0.001142857142857143
🙋,0,1,1,0.0,0.00028571428571428574
😗,0,1,1,0.0,0.00028571428571428574
📚,0,2,2,0.0,0.0005714285714285715
👸,0,1,1,0.0,0.00028571428571428574
🌍,2,3,5,0.0005714285714285715,0.0008571428571428571
😞,0,3,3,0.0,0.0008571428571428571
✋,1,1,2,0.00028571428571428574,0.00028571428571428574
🤡,3,0,3,0.0008571428571428571,0.0
👩,0,1,1,0.0,0.00028571428571428574
🎉,0,1,1,0.0,0.00028571428571428574
👏,45,504,549,0.012857142857142857,0.144
☀,0,2,2,0.0,0.0005714285714285715
👅,0,1,1,0.0,0.00028571428571428574
👎,13,3,16,0.0037142857142857142,0.0008571428571428571
🥺,1,0,1,0.00028571428571428574,0.0
🤬,13,2,15,0.0037142857142857142,0.0005714285714285715
🪔,0,1,1,0.0,0.00028571428571428574
🤐,0,1,1,0.0,0.00028571428571428574
😳,2,3,5,0.0005714285714285715,0.0008571428571428571
😭,3,7,10,0.0008571428571428571,0.002
🤌,0,1,1,0.0,0.00028571428571428574
🤓,0,2,2,0.0,0.0005714285714285715
☺,0,2,2,0.0,0.0005714285714285715
♂,13,3,16,0.0037142857142857142,0.0008571428571428571
🕊,0,1,1,0.0,0.00028571428571428574
🫂,0,1,1,0.0,0.00028571428571428574
😄,2,2,4,0.0005714285714285715,0.0005714285714285715
💫,0,1,1,0.0,0.00028571428571428574
♥,0,12,12,0.0,0.0034285714285714284
🤪,4,1,5,0.001142857142857143,0.00028571428571428574
🦋,0,1,1,0.0,0.00028571428571428574
💜,1,10,11,0.00028571428571428574,0.002857142857142857
🤚,0,1,1,0.0,0.00028571428571428574
💖,0,13,13,0.0,0.0037142857142857142
🏽,4,12,16,0.001142857142857143,0.0034285714285714284
🙄,7,4,11,0.002,0.001142857142857143
👈,3,0,3,0.0008571428571428571,0.0
👍,3,30,33,0.0008571428571428571,0.008571428571428572
🤦,23,10,33,0.006571428571428572,0.002857142857142857
👆,2,1,3,0.0005714285714285715,0.00028571428571428574
🙁,0,1,1,0.0,0.00028571428571428574
🏅,0,1,1,0.0,0.00028571428571428574
♀,9,9,18,0.0025714285714285713,0.0025714285714285713
🌹,0,16,16,0.0,0.004571428571428572
🤢,12,4,16,0.0034285714285714284,0.001142857142857143
🚜,0,1,1,0.0,0.00028571428571428574
➡,0,1,1,0.0,0.00028571428571428574
🎆,1,0,1,0.00028571428571428574,0.0
🌺,0,6,6,0.0,0.0017142857142857142
🌲,0,1,1,0.0,0.00028571428571428574
💣,2,0,2,0.0005714285714285715,0.0
▪,1,0,1,0.00028571428571428574,0.0
🏼,11,26,37,0.003142857142857143,0.0074285714285714285
😯,0,2,2,0.0,0.0005714285714285715
📑,0,1,1,0.0,0.00028571428571428574
😎,13,7,20,0.0037142857142857142,0.002
🌳,1,1,2,0.00028571428571428574,0.00028571428571428574
😬,4,1,5,0.001142857142857143,0.00028571428571428574
🖤,1,0,1,0.00028571428571428574,0.0
🔒,1,0,1,0.00028571428571428574,0.0
🫶,0,1,1,0.0,0.00028571428571428574
👂,0,1,1,0.0,0.00028571428571428574
🕌,0,1,1,0.0,0.00028571428571428574
💛,3,34,37,0.0008571428571428571,0.009714285714285713
☠,3,0,3,0.0008571428571428571,0.0
👁,0,1,1,0.0,0.00028571428571428574
🐱,0,1,1,0.0,0.00028571428571428574
😲,1,0,1,0.00028571428571428574,0.0
☹,0,1,1,0.0,0.00028571428571428574
😋,1,0,1,0.00028571428571428574,0.0
🪽,0,2,2,0.0,0.0005714285714285715
🤑,2,1,3,0.0005714285714285715,0.00028571428571428574
🆘,1,0,1,0.00028571428571428574,0.0
🤭,2,1,3,0.0005714285714285715,0.00028571428571428574
😮,3,2,5,0.0008571428571428571,0.0005714285714285715
💀,1,1,2,0.00028571428571428574,0.00028571428571428574
✅,0,1,1,0.0,0.00028571428571428574
🩵,0,2,2,0.0,0.0005714285714285715
🌱,0,3,3,0.0,0.0008571428571428571
👌,2,2,4,0.0005714285714285715,0.0005714285714285715
🐐,1,0,1,0.00028571428571428574,0.0
💥,1,1,2,0.00028571428571428574,0.00028571428571428574
🤔,8,19,27,0.002285714285714286,0.0054285714285714284
🗽,0,1,1,0.0,0.00028571428571428574
💞,0,6,6,0.0,0.0017142857142857142
🍷,0,2,2,0.0,0.0005714285714285715
💅,1,0,1,0.00028571428571428574,0.0
👨,0,1,1,0.0,0.00028571428571428574
🤫,1,0,1,0.00028571428571428574,0.0
🙈,3,1,4,0.0008571428571428571,0.00028571428571428574
🤩,0,6,6,0.0,0.0017142857142857142
🎓,0,2,2,0.0,0.0005714285714285715
👭,0,1,1,0.0,0.00028571428571428574
🌎,0,1,1,0.0,0.00028571428571428574
🛐,0,1,1,0.0,0.00028571428571428574
🐍,4,0,4,0.001142857142857143,0.0
🍿,1,0,1,0.00028571428571428574,0.0
🥚,0,1,1,0.0,0.00028571428571428574
💑,0,1,1,0.0,0.00028571428571428574
👇,1,0,1,0.00028571428571428574,0.0
🙉,2,1,3,0.0005714285714285715,0.00028571428571428574
💩,51,1,52,0.014571428571428572,0.00028571428571428574
🐑,1,0,1,0.00028571428571428574,0.0
🐔,1,0,1,0.00028571428571428574,0.0
🏾,4,12,16,0.001142857142857143,0.0034285714285714284
🔫,1,0,1,0.00028571428571428574,0.0
🥹,0,1,1,0.0,0.00028571428571428574
😏,1,5,6,0.00028571428571428574,0.0014285714285714286
🎄,0,1,1,0.0,0.00028571428571428574
❣,1,1,2,0.00028571428571428574,0.00028571428571428574
💓,2,5,7,0.0005714285714285715,0.0014285714285714286
🦊,0,1,1,0.0,0.00028571428571428574
🍀,0,3,3,0.0,0.0008571428571428571
👻,0,1,1,0.0,0.00028571428571428574
💗,1,5,6,0.00028571428571428574,0.0014285714285714286
😍,5,136,141,0.0014285714285714286,0.038857142857142854
🐄,1,0,1,0.00028571428571428574,0.0
✌,1,2,3,0.00028571428571428574,0.0005714285714285715
📲,0,1,1,0.0,0.00028571428571428574
😡,42,6,48,0.012,0.0017142857142857142
📘,0,2,2,0.0,0.0005714285714285715
⛔,0,1,1,0.0,0.00028571428571428574
😇,0,3,3,0.0,0.0008571428571428571
👉,13,8,21,0.0037142857142857142,0.002285714285714286
😰,1,0,1,0.00028571428571428574,0.0
😂,117,61,178,0.033428571428571426,0.01742857142857143
🖕,1,0,1,0.00028571428571428574,0.0
💯,0,2,2,0.0,0.0005714285714285715
🎸,0,1,1,0.0,0.00028571428571428574
👺,3,0,3,0.0008571428571428571,0.0
💋,0,8,8,0.0,0.002285714285714286
😐,1,2,3,0.00028571428571428574,0.0005714285714285715
🦆,2,0,2,0.0005714285714285715,0.0
⏳,0,1,1,0.0,0.00028571428571428574
💙,2,19,21,0.0005714285714285715,0.0054285714285714284
🤨,0,1,1,0.0,0.00028571428571428574
😊,1,4,5,0.00028571428571428574,0.001142857142857143
🐀,4,0,4,0.001142857142857143,0.0
🍗,1,0,1,0.00028571428571428574,0.0
📒,0,1,1,0.0,0.00028571428571428574
😅,5,1,6,0.0014285714285714286,0.00028571428571428574
😘,4,21,25,0.001142857142857143,0.006
🍉,1,0,1,0.00028571428571428574,0.0
🧠,1,0,1,0.00028571428571428574,0.0
🍃,0,1,1,0.0,0.00028571428571428574
😩,2,1,3,0.0005714285714285715,0.00028571428571428574
🤤,0,1,1,0.0,0.00028571428571428574
🐂,4,0,4,0.001142857142857143,0.0
😝,2,1,3,0.0005714285714285715,0.00028571428571428574
😓,1,2,3,0.00028571428571428574,0.0005714285714285715
😚,1,4,5,0.00028571428571428574,0.001142857142857143
💕,1,17,18,0.00028571428571428574,0.004857142857142857
✊,0,13,13,0.0,0.0037142857142857142
⭐,0,3,3,0.0,0.0008571428571428571
✝,1,1,2,0.00028571428571428574,0.00028571428571428574
🗑,1,0,1,0.00028571428571428574,0.0
📖,0,2,2,0.0,0.0005714285714285715
🖖,0,1,1,0.0,0.00028571428571428574
🚀,0,2,2,0.0,0.0005714285714285715
🤯,2,0,2,0.0005714285714285715,0.0
🩷,0,1,1,0.0,0.00028571428571428574
😪,0,1,1,0.0,0.00028571428571428574
👹,6,1,7,0.0017142857142857142,0.00028571428571428574
😁,4,2,6,0.001142857142857143,0.0005714285714285715
🗿,0,1,1,0.0,0.00028571428571428574
🧡,0,1,1,0.0,0.00028571428571428574
🙌,15,87,102,0.004285714285714286,0.024857142857142855
🚔,0,1,1,0.0,0.00028571428571428574
🤜,2,3,5,0.0005714285714285715,0.0008571428571428571
😠,23,5,28,0.006571428571428572,0.0014285714285714286
🚓,1,0,1,0.00028571428571428574,0.0
⚽,0,1,1,0.0,0.00028571428571428574
😣,1,3,4,0.00028571428571428574,0.0008571428571428571
💪,4,22,26,0.001142857142857143,0.006285714285714286
🍬,0,1,1,0.0,0.00028571428571428574
😀,2,2,4,0.0005714285714285715,0.0005714285714285715
🙏,21,110,131,0.006,0.03142857142857143
🤛,1,4,5,0.00028571428571428574,0.001142857142857143
😴,0,1,1,0.0,0.00028571428571428574
🌈,0,1,1,0.0,0.00028571428571428574
🦅,1,0,1,0.00028571428571428574,0.0
🥰,0,4,4,0.0,0.001142857142857143
👑,1,0,1,0.00028571428571428574,0.0
🌻,0,7,7,0.0,0.002
😔,5,10,15,0.0014285714285714286,0.002857142857142857
